order,set_key,file_path,thumbnail,width,height,date_created,zooniverse_id
1,William Baylies 1899,https://panoptes-uploads.zooniverse.org/production/subject_location/922f209a-d940-45f8-a776-26a5e5a10013.jpeg,https://panoptes-uploads.zooniverse.org/production/subject_location/6fd7d61c-ba6b-49a2-aca8-91dfa7086739.jpeg,933,1400,Wed May 03 12:46:04 2017,9504390
2,William Baylies 1899,https://panoptes-uploads.zooniverse.org/production/subject_location/9b9c8e33-ce1c-4bd3-b345-b520c6c8e80a.jpeg,https://panoptes-uploads.zooniverse.org/production/subject_location/a3b4b2a4-a3c8-404c-a577-9fa8d5b4a554.jpeg,933,1400,Wed May 03 12:46:04 2017,9504391
3,William Baylies 1899,https://panoptes-uploads.zooniverse.org/production/subject_location/4f17be2c-9122-44a6-9781-5b636a4c9da1.jpeg,https://panoptes-uploads.zooniverse.org/production/subject_location/c5da68f8-3c7f-4eca-8009-b96bd2dd07e8.jpeg,933,1400,Wed May 03 12:46:04 2017,9504392
4,William Baylies 1899,https://panoptes-uploads.zooniverse.org/production/subject_location/68793a9d-c3a2-40dc-8b83-e5f69840bd1b.jpeg,https://panoptes-uploads.zooniverse.org/production/subject_location/98312642-667d-4681-b25e-fc975d85926f.jpeg,933,1400,Wed May 03 12:46:04 2017,9504393
5,William Baylies 1899,https://panoptes-uploads.zooniverse.org/production/subject_location/d53aab0b-ba3d-420a-b670-964979343c86.jpeg,https://panoptes-uploads.zooniverse.org/production/subject_location/8a85b7a0-35ab-4249-bcc7-12514db24c60.jpeg,933,1400,Wed May 03 12:46:04 2017,9504394
6,William Baylies 1899,https://panoptes-uploads.zooniverse.org/production/subject_location/866db173-eaf5-414e-b37d-89d6fb724002.jpeg,https://panoptes-uploads.zooniverse.org/production/subject_location/e19d7560-a3fb-4261-b149-37ef36428e4d.jpeg,933,1400,Wed May 03 12:46:04 2017,9504395
7,William Baylies 1899,https://panoptes-uploads.zooniverse.org/production/subject_location/ec8e5e47-c2c1-4181-967b-bf273e29f99d.jpeg,https://panoptes-uploads.zooniverse.org/production/subject_location/c5d2a379-53b9-41e5-a34a-bce7a5a1122d.jpeg,933,1400,Wed May 03 12:46:04 2017,9504396
8,William Baylies 1899,https://panoptes-uploads.zooniverse.org/production/subject_location/fea149d3-34a7-4785-be32-75903b9ce6d2.jpeg,https://panoptes-uploads.zooniverse.org/production/subject_location/1bd9e2ce-1df7-44ac-8d48-0cc89543c790.jpeg,933,1400,Wed May 03 12:46:05 2017,9504397
9,William Baylies 1899,https://panoptes-uploads.zooniverse.org/production/subject_location/4f3fce12-5131-472f-9dfd-c7b67cf30bff.jpeg,https://panoptes-uploads.zooniverse.org/production/subject_location/060dd8af-8b43-49d9-aa9b-1087e162be54.jpeg,933,1400,Wed May 03 12:46:05 2017,9504398
10,William Baylies 1899,https://panoptes-uploads.zooniverse.org/production/subject_location/885fe78c-779b-4e39-8314-f413c77314f9.jpeg,https://panoptes-uploads.zooniverse.org/production/subject_location/abe8861c-1351-4fc6-b270-101b11e76d27.jpeg,933,1400,Wed May 03 12:46:05 2017,9504399
11,William Baylies 1899,https://panoptes-uploads.zooniverse.org/production/subject_location/b88de059-859e-4fcf-b8f6-96439c048de6.jpeg,https://panoptes-uploads.zooniverse.org/production/subject_location/598305bc-3ced-4634-bfad-b8e202a521cb.jpeg,933,1400,Wed May 03 12:46:05 2017,9504400
12,William Baylies 1899,https://panoptes-uploads.zooniverse.org/production/subject_location/a9c77177-6793-4d68-a059-565cced295ea.jpeg,https://panoptes-uploads.zooniverse.org/production/subject_location/f116d2ee-c42f-4ab3-b6e9-90394b347ea1.jpeg,933,1400,Wed May 03 12:46:05 2017,9504401
13,William Baylies 1899,https://panoptes-uploads.zooniverse.org/production/subject_location/baf65c48-741d-454b-96ed-229435df05d6.jpeg,https://panoptes-uploads.zooniverse.org/production/subject_location/340e821d-b743-4b03-9351-32f50df2ba2a.jpeg,933,1400,Wed May 03 12:46:05 2017,9504402
14,William Baylies 1899,https://panoptes-uploads.zooniverse.org/production/subject_location/ee83d90f-8ac6-4728-ba19-be00f6f67615.jpeg,https://panoptes-uploads.zooniverse.org/production/subject_location/12f7e78d-880e-42b9-99bc-6f44c5b705bf.jpeg,933,1400,Wed May 03 12:46:05 2017,9504403
15,William Baylies 1899,https://panoptes-uploads.zooniverse.org/production/subject_location/0498d1ae-8a12-431a-858b-ee8faff6f55c.jpeg,https://panoptes-uploads.zooniverse.org/production/subject_location/c73f1d2a-b8b5-4b74-a440-3e5faf700c79.jpeg,933,1400,Wed May 03 12:46:06 2017,9504404
16,William Baylies 1899,https://panoptes-uploads.zooniverse.org/production/subject_location/30f7971f-3a2c-469e-a61f-9ac92bc4de47.jpeg,https://panoptes-uploads.zooniverse.org/production/subject_location/c3b12cbf-2037-4c1e-9f60-b3cc9a37b4ac.jpeg,933,1400,Wed May 03 12:46:06 2017,9504405
17,William Baylies 1899,https://panoptes-uploads.zooniverse.org/production/subject_location/8ccd9593-59f8-4065-81c1-7a06e2e7dee2.jpeg,https://panoptes-uploads.zooniverse.org/production/subject_location/b2ceac61-60e2-4ebb-9935-11b5b489a732.jpeg,933,1400,Wed May 03 12:46:06 2017,9504406
18,William Baylies 1899,https://panoptes-uploads.zooniverse.org/production/subject_location/1c4e098e-3dde-495b-bac4-e9d2a95980a5.jpeg,https://panoptes-uploads.zooniverse.org/production/subject_location/2901ed4d-fd4c-4923-ba13-e5ab773f33e0.jpeg,933,1400,Wed May 03 12:46:06 2017,9504407
19,William Baylies 1899,https://panoptes-uploads.zooniverse.org/production/subject_location/10b32bd7-7895-423e-a0ee-563e71d35472.jpeg,https://panoptes-uploads.zooniverse.org/production/subject_location/2d082379-f09e-4444-8eeb-e67591d8b24d.jpeg,933,1400,Wed May 03 12:46:06 2017,9504408
20,William Baylies 1899,https://panoptes-uploads.zooniverse.org/production/subject_location/71b2d1fb-06df-4f0f-ba06-6f68241d413c.jpeg,https://panoptes-uploads.zooniverse.org/production/subject_location/6ebdfc36-edc2-42dc-bb4b-8161b6a36a07.jpeg,933,1400,Wed May 03 12:46:06 2017,9504409
21,William Baylies 1899,https://panoptes-uploads.zooniverse.org/production/subject_location/a4019955-1079-476d-9aa0-a878aad964e0.jpeg,https://panoptes-uploads.zooniverse.org/production/subject_location/dbe83ee1-7151-4293-a862-40b35ad0e2d9.jpeg,933,1400,Wed May 03 12:46:06 2017,9504410
22,William Baylies 1899,https://panoptes-uploads.zooniverse.org/production/subject_location/d9a2dc39-b573-477f-9ce6-b81d2f9814bc.jpeg,https://panoptes-uploads.zooniverse.org/production/subject_location/d104569e-7b78-4c68-80d1-6d7d4f0d7870.jpeg,933,1400,Wed May 03 12:46:06 2017,9504411
23,William Baylies 1899,https://panoptes-uploads.zooniverse.org/production/subject_location/7355a804-f362-4836-8f23-abbfe373223f.jpeg,https://panoptes-uploads.zooniverse.org/production/subject_location/5cef3743-26bc-4e1a-9a5d-3442a8c37758.jpeg,933,1400,Wed May 03 12:46:07 2017,9504412
24,William Baylies 1899,https://panoptes-uploads.zooniverse.org/production/subject_location/b3b73ac6-f3db-4158-be6e-d486c54d992f.jpeg,https://panoptes-uploads.zooniverse.org/production/subject_location/8110f1f7-f9fe-4850-87dc-c3a6c4752029.jpeg,933,1400,Wed May 03 12:46:07 2017,9504413
25,William Baylies 1899,https://panoptes-uploads.zooniverse.org/production/subject_location/1bbe8794-158e-4eec-9ddc-2a30eb2bdc09.jpeg,https://panoptes-uploads.zooniverse.org/production/subject_location/7a88f75c-d315-42b1-9780-1c6f727be1f6.jpeg,933,1400,Wed May 03 12:46:07 2017,9504414
26,William Baylies 1899,https://panoptes-uploads.zooniverse.org/production/subject_location/4995d1c3-31b3-402c-a57c-6ca1363c3abc.jpeg,https://panoptes-uploads.zooniverse.org/production/subject_location/ffc79dd8-4bf1-41a7-877b-8c59344eaa51.jpeg,933,1400,Wed May 03 12:46:07 2017,9504415
27,William Baylies 1899,https://panoptes-uploads.zooniverse.org/production/subject_location/3476a2c1-a08d-45d9-80cd-3790bd01ebf8.jpeg,https://panoptes-uploads.zooniverse.org/production/subject_location/722e66dc-098c-475c-bd03-5cef7fb74543.jpeg,933,1400,Wed May 03 12:46:07 2017,9504416
28,William Baylies 1899,https://panoptes-uploads.zooniverse.org/production/subject_location/984e390e-84db-4fe8-b887-023193a7f263.jpeg,https://panoptes-uploads.zooniverse.org/production/subject_location/a7637a09-ec35-461d-b437-ebac0a923581.jpeg,933,1400,Wed May 03 12:46:07 2017,9504417
29,William Baylies 1899,https://panoptes-uploads.zooniverse.org/production/subject_location/beed30d5-ba3b-4f56-966e-67694a20d4c0.jpeg,https://panoptes-uploads.zooniverse.org/production/subject_location/b1c1e485-2c54-4899-8e96-95840927657a.jpeg,933,1400,Wed May 03 12:46:07 2017,9504418
30,William Baylies 1899,https://panoptes-uploads.zooniverse.org/production/subject_location/c08613a3-d0aa-46e8-9498-5a29b81a7ffb.jpeg,https://panoptes-uploads.zooniverse.org/production/subject_location/e795854f-1c88-4537-a68b-78b794a626d0.jpeg,933,1400,Wed May 03 12:46:07 2017,9504419
31,William Baylies 1899,https://panoptes-uploads.zooniverse.org/production/subject_location/0b41d2d3-9e6d-4e5e-ae65-27cffc53ac03.jpeg,https://panoptes-uploads.zooniverse.org/production/subject_location/d91bfdcc-5b8a-42a4-b5f5-6e1a6568f20a.jpeg,933,1400,Wed May 03 12:46:08 2017,9504420
32,William Baylies 1899,https://panoptes-uploads.zooniverse.org/production/subject_location/8ed8e04f-2bd4-41eb-adf0-378153313cdb.jpeg,https://panoptes-uploads.zooniverse.org/production/subject_location/197db04d-c1f1-4d6a-bfac-90822f4a3240.jpeg,933,1400,Wed May 03 12:46:08 2017,9504421
33,William Baylies 1899,https://panoptes-uploads.zooniverse.org/production/subject_location/4fde5674-9121-42d8-b8cf-01c25b4572e8.jpeg,https://panoptes-uploads.zooniverse.org/production/subject_location/1ba978f4-8389-4da2-9849-0404b4f2015a.jpeg,933,1400,Wed May 03 12:46:08 2017,9504422
34,William Baylies 1899,https://panoptes-uploads.zooniverse.org/production/subject_location/03d2d70b-3cd9-4048-8ae4-bcd3fb8b9faf.jpeg,https://panoptes-uploads.zooniverse.org/production/subject_location/c20c6aae-6771-42ff-a6c0-d6df58136547.jpeg,933,1400,Wed May 03 12:46:08 2017,9504423
35,William Baylies 1899,https://panoptes-uploads.zooniverse.org/production/subject_location/1034e8cf-7474-47b3-b56b-0a099c855236.jpeg,https://panoptes-uploads.zooniverse.org/production/subject_location/5d476590-c51d-4358-9c8d-2c02433e77b9.jpeg,933,1400,Wed May 03 12:46:08 2017,9504424
36,William Baylies 1899,https://panoptes-uploads.zooniverse.org/production/subject_location/cf254b70-04a2-4eec-a315-952556183d7d.jpeg,https://panoptes-uploads.zooniverse.org/production/subject_location/2f002d5b-21c7-4378-951a-b5826d9edb25.jpeg,933,1400,Wed May 03 12:46:08 2017,9504425
37,William Baylies 1899,https://panoptes-uploads.zooniverse.org/production/subject_location/710400c1-86a4-4338-b132-bdf0e26b8b9b.jpeg,https://panoptes-uploads.zooniverse.org/production/subject_location/e3258d95-c9a7-492f-9240-97a9c0473d10.jpeg,933,1400,Wed May 03 12:46:08 2017,9504426
38,William Baylies 1899,https://panoptes-uploads.zooniverse.org/production/subject_location/0dfc2abf-f99f-411b-9f3a-574fce57609c.jpeg,https://panoptes-uploads.zooniverse.org/production/subject_location/a356f7e7-ca9e-4d6c-8e93-c776a92c6f2a.jpeg,933,1400,Wed May 03 12:46:08 2017,9504427
39,William Baylies 1899,https://panoptes-uploads.zooniverse.org/production/subject_location/c1d09ff1-629b-4124-a97b-30287df0d6a1.jpeg,https://panoptes-uploads.zooniverse.org/production/subject_location/a6742052-eee8-4fe3-a3b2-11d9841b8b20.jpeg,933,1400,Wed May 03 12:46:09 2017,9504428
40,William Baylies 1899,https://panoptes-uploads.zooniverse.org/production/subject_location/49605162-db50-46ef-80f2-f56df70a0cd4.jpeg,https://panoptes-uploads.zooniverse.org/production/subject_location/9e7fada6-2884-49a0-a37c-81fe2f086106.jpeg,933,1400,Wed May 03 12:46:09 2017,9504429
41,William Baylies 1899,https://panoptes-uploads.zooniverse.org/production/subject_location/5dc06c57-6e1b-4fbf-82d1-5a64c24d8ecc.jpeg,https://panoptes-uploads.zooniverse.org/production/subject_location/ceeeb1ed-43f9-4ede-b277-5b9ae9b17f47.jpeg,933,1400,Wed May 03 12:46:09 2017,9504430
42,William Baylies 1899,https://panoptes-uploads.zooniverse.org/production/subject_location/9bbe3a26-c53f-4666-898e-84c39fa68246.jpeg,https://panoptes-uploads.zooniverse.org/production/subject_location/4383261e-bb72-4147-ba07-80228f6bc9c6.jpeg,933,1400,Wed May 03 12:46:09 2017,9504431
43,William Baylies 1899,https://panoptes-uploads.zooniverse.org/production/subject_location/652f7e3d-eb75-4a3d-a783-0589add300b3.jpeg,https://panoptes-uploads.zooniverse.org/production/subject_location/a2af1326-f70e-4ce5-8806-fc2bd0bb805f.jpeg,933,1400,Wed May 03 12:46:09 2017,9504432
44,William Baylies 1899,https://panoptes-uploads.zooniverse.org/production/subject_location/4f63510b-84dd-4dfc-ad04-48655f206bb9.jpeg,https://panoptes-uploads.zooniverse.org/production/subject_location/78e5b565-388c-469b-953c-329da184bd04.jpeg,933,1400,Wed May 03 12:46:09 2017,9504433
45,William Baylies 1899,https://panoptes-uploads.zooniverse.org/production/subject_location/66c88cc6-1d12-40b8-aa13-96ab005f28df.jpeg,https://panoptes-uploads.zooniverse.org/production/subject_location/bb193b74-fcd6-4c68-8973-2245ef3e7226.jpeg,933,1400,Wed May 03 12:46:09 2017,9504434
46,William Baylies 1899,https://panoptes-uploads.zooniverse.org/production/subject_location/c3185a5d-7b51-4d79-8aa4-43d0fa759aaf.jpeg,https://panoptes-uploads.zooniverse.org/production/subject_location/1913700d-0fe4-4029-838b-75d9cbc70598.jpeg,933,1400,Wed May 03 12:46:10 2017,9504435
47,William Baylies 1899,https://panoptes-uploads.zooniverse.org/production/subject_location/2e29c79e-66fc-4bee-8c34-6439396769eb.jpeg,https://panoptes-uploads.zooniverse.org/production/subject_location/f204e7d4-32dd-42db-9633-50edae826610.jpeg,933,1400,Wed May 03 12:46:10 2017,9504436
48,William Baylies 1899,https://panoptes-uploads.zooniverse.org/production/subject_location/339ceff5-dbc4-4827-ad55-957582d8e548.jpeg,https://panoptes-uploads.zooniverse.org/production/subject_location/be4b7343-8357-4ad7-8966-95e7bb313c27.jpeg,933,1400,Wed May 03 12:46:10 2017,9504437
49,William Baylies 1899,https://panoptes-uploads.zooniverse.org/production/subject_location/d41f1723-0504-4ddf-9552-d58412baea3f.jpeg,https://panoptes-uploads.zooniverse.org/production/subject_location/aa41a1af-98c4-480a-828a-397b59ef77ad.jpeg,933,1400,Wed May 03 12:46:10 2017,9504438
50,William Baylies 1899,https://panoptes-uploads.zooniverse.org/production/subject_location/3e7d0beb-55a7-4de0-a546-227f5238d73f.jpeg,https://panoptes-uploads.zooniverse.org/production/subject_location/55e3cc1c-7b75-4a53-85d4-cc5ba061c40f.jpeg,933,1400,Wed May 03 12:46:10 2017,9504439
51,William Baylies 1899,https://panoptes-uploads.zooniverse.org/production/subject_location/a9045ca7-29b5-4f53-8cb7-cd5d34918d9b.jpeg,https://panoptes-uploads.zooniverse.org/production/subject_location/ecfb822d-7d1c-4a05-812c-8d11ee87c00a.jpeg,933,1400,Wed May 03 12:46:10 2017,9504440
52,William Baylies 1899,https://panoptes-uploads.zooniverse.org/production/subject_location/de43fbdc-2ec7-422d-a9cc-96a76c25d2a2.jpeg,https://panoptes-uploads.zooniverse.org/production/subject_location/75299541-3412-4e38-a1f2-67d1d2ee122c.jpeg,933,1400,Wed May 03 12:46:10 2017,9504441
53,William Baylies 1899,https://panoptes-uploads.zooniverse.org/production/subject_location/48e5feec-bb67-445a-919c-a11367e50839.jpeg,https://panoptes-uploads.zooniverse.org/production/subject_location/9f9dc80f-8e3a-4830-b6e8-2f5d5d8d7ba5.jpeg,933,1400,Wed May 03 12:46:10 2017,9504442
